Designator,Footprint,Quantity,Value,LCSC Part #
"BL1, BL2, BL3, BL4, BL5, BL6, BL7, BL8, BL9",SK6812MINI_surface,9,SK6812MINI,
"D1, D10, D11, D12, D13, D14, D15, D16, D17, D18, D19, D2, D20, D21, D22, D23, D24, D25, D26, D27, D28, D29, D3, D30, D31, D32, D33, D34, D35, D4, D5, D6, D7, D8, D9",Diode,35,Diode,
E_SW1,RotaryEncoder_Alps_EC11E-Switch_Vertical_H20mm,1,RotaryEncoder_Switch,
"H1, H2, H3, H4, H5, H6, H7, H8, H9",MountingHole_3.2mm_M3,9,MountingHole,
J1,StripLED_rev,1,LED_strip_conector,
"L1, L10, L11, L12, L13, L14, L15, L16, L17, L18, L19, L2, L20, L21, L22, L23, L24, L25, L26, L27, L28, L29, L3, L30, L31, L32, L33, L34, L35, L4, L5, L6, L7, L8, L9",SK6812MINI_rev,35,SK6812MINI,
MJ1,MJ-4PP-9,1,Mini Jack,
RSW1,ResetSW,1,SW_PUSH,
"SW1, SW10, SW11, SW12, SW13, SW14, SW15, SW16, SW17, SW18, SW19, SW2, SW20, SW21, SW22, SW23, SW24, SW25, SW26, SW27, SW28, SW29, SW3, SW30, SW31, SW32, SW33, SW34, SW35, SW4, SW5, SW6, SW7, SW8, SW9",MX-ALPs-PG1350-rev,35,SW_PUSH,
U1,ProMicro,1,ProMicro,
